{
  "accuracy": 94.63629684055842,
  "fnr": 25.475285171102662,
  "fpr": 0.546448087431694,
  "uncertain_rate": 0.08596620132255695
}